,math,read,sci
math,1.0,0.9598055356415571,0.9721307040245507
read,0.9598055356415571,1.0,0.9785592701317549
sci,0.9721307040245507,0.9785592701317549,1.0
